url_path,views_total,views_unique
/Zheng206/ComBatFamQC,31,6
/Zheng206/ComBatFamQC/blob/github-repo-stats/Zheng206/ComBatFamQC/latest-report/report.pdf,7,1
/Zheng206/ComBatFamQC/tree/github-repo-stats/Zheng206/ComBatFamQC/latest-report,6,1
/Zheng206/ComBatFamQC/tree/github-repo-stats,5,1
/Zheng206/ComBatFamQC/tree/github-repo-stats/Zheng206/ComBatFamQC,5,1
/Zheng206/ComBatFamQC/actions/runs/13890181739/job/38860707272,3,1
/Zheng206/ComBatFamQC/actions/workflows/test-coverage.yaml,2,1
/Zheng206/ComBatFamQC/blob/github-repo-stats/Zheng206/ComBatFamQC/latest-report/report.html,2,1
/Zheng206/ComBatFamQC/actions/runs/13890181739/job/38860706348,1,1
/Zheng206/ComBatFamQC/actions/runs/13890181745/job/38860706359,1,1
